year,area,type,temperature,humadity,motion,latitude,longitude,consumption,slice
2007,Central,Residential,25,29,0,31.26238997,30.57169508,28928580,2
2005,Central,Residential,28,26,1,31.40246372,30.21416514,24491767,2
2017,Central,Residential,35,26,0,31.23103231,30.51633681,48187136,3
2013,Central,Residential,22,41,0,31.57595432,30.94285612,39579812,2
2009,Eastern,Residential,28,74,0,31.70089575,30.76147287,19401996,1
2010,Eastern,Residential,28,52,1,31.8632444,30.08029962,20993203,2
2008,Eastern,Residential,31,62,1,31.03267486,30.56408584,18569845,1
2013,Southern,Residential,31,50,1,31.84082981,30.81364099,15306034,1
2009,Total,Residential,23,46,0,31.32260842,30.83045454,102832380,5
2015,Total,Residential,21,60,1,31.16603227,30.71350517,144040700,7
2016,Total,Residential,40,58,1,31.93079098,30.88479577,143212925,7
2015,Central,Industrial,31,67,1,31.23595253,30.38494242,6108794,1
2012,Central,Industrial,38,48,0,31.72663947,30.43930552,5492559,1
2007,Eastern,Industrial,35,47,1,31.17761287,30.06887617,23753652,2
2005,Eastern,Industrial,21,52,0,31.32219253,30.96565224,28458845,2
2015,Eastern,Industrial,35,58,1,31.00769637,30.60196772,32411721,2
2014,Eastern,Industrial,28,20,0,31.23728957,30.15064724,38942599,2
2011,Eastern,Industrial,23,28,1,31.02854769,30.88154852,32408187,2
2013,Eastern,Industrial,40,73,0,31.39043434,30.56436706,38139949,2
2010,Western,Industrial,24,53,1,31.73622096,30.73876511,4286142,1
2006,Western,Industrial,40,27,1,31.06527709,30.26391057,2603527,1
2014,Western,Industrial,23,33,0,31.64961965,30.65492993,5856464,1
2017,Western,Industrial,20,53,0,31.32229717,30.14277844,5885153,1
2010,Southern,Industrial,41,27,1,31.49414557,30.59019225,120751,1
2005,Southern,Industrial,24,68,1,31.57811285,30.36948672,105349,1
2014,Southern,Industrial,26,58,0,31.73592661,30.47059307,931692,1
2017,Southern,Industrial,39,70,0,31.20508037,30.04235495,576292,1
2013,Southern,Industrial,42,22,0,31.60062974,30.42264404,685738,1
2005,Total,Industrial,29,36,0,31.45897842,30.12118683,34698029,2
2014,Total,Industrial,28,53,0,31.44453926,30.57547948,51498586,3
2009,Central,Governmental,37,36,0,31.40013278,30.57125575,10610756,1
2017,Central,Governmental,39,40,1,31.85498522,30.36708566,15037673,1
2013,Central,Governmental,28,59,0,31.13253377,30.36462842,10376015,1
2012,Central,Governmental,34,54,0,31.70741867,30.47076793,12466499,1
2007,Eastern,Governmental,42,39,0,31.28759909,30.194687,6477285,1
2015,Eastern,Governmental,37,29,1,31.76027649,30.08149444,9048684,1
2013,Eastern,Governmental,21,41,1,31.69556739,30.21129629,6938438,1
2010,Western,Governmental,27,35,0,31.49378103,30.11534609,8706422,1
2006,Western,Governmental,21,71,0,31.47767772,30.31616873,4725153,1
2005,Western,Governmental,39,26,0,31.08668647,30.38114115,4739254,1
2017,Western,Governmental,38,55,1,31.38857743,30.45694605,11966276,1
2013,Western,Governmental,42,23,0,31.20629967,30.67283038,7148471,1
2012,Western,Governmental,27,66,0,31.1557001,30.36201795,8731182,1
2014,Southern,Governmental,39,54,0,31.98914513,30.20817883,3195339,1
2008,Southern,Governmental,32,29,1,31.12141097,30.38150715,1821954,1
2013,Southern,Governmental,36,23,0,31.06474793,30.53284593,2920736,1
2013,Total,Governmental,34,66,0,31.91667769,30.18917833,27383660,2
2009,Central,Commercial,27,55,1,31.13460391,30.29191092,7873528,1
2017,Central,Commercial,33,54,1,31.56733147,30.61087736,16702757,1
2015,Eastern,Commercial,33,57,1,31.41149078,30.35710893,8943382,1
2014,Eastern,Commercial,30,73,0,31.40827951,30.31333409,7924099,1
2013,Eastern,Commercial,28,66,0,31.76718397,30.02644489,8216569,1
2005,Western,Commercial,41,64,0,31.896672,30.38633983,5496785,1
2015,Western,Commercial,21,67,1,31.34605765,30.63679565,17502941,1
2017,Western,Commercial,25,65,1,31.95839333,30.47402158,17682663,1
2010,Southern,Commercial,40,70,1,31.41459988,30.53690563,2242742,1
2007,Central,Agricultural,29,44,0,31.31677197,30.17205521,2161727,1
2014,Central,Agricultural,34,40,1,31.52122616,30.08653609,2953608,1
2009,Eastern,Agricultural,32,73,0,31.909502,30.64447598,652802,1
2016,Western,Agricultural,29,36,1,31.73302637,30.17318899,870031,1
2008,Western,Agricultural,32,39,0,31.93235997,30.00549013,608110,1
2012,Western,Agricultural,36,62,1,31.75535043,30.0445183,674205,1
2011,Southern,Agricultural,28,35,0,31.72080922,30.25760746,77138,1
2006,Central,*Others,28,40,0,31.73166498,30.8485179,2431666,1
2011,Central,*Others,27,57,1,31.31528356,30.12390493,574407,1
2015,Western,*Others,21,59,0,31.8675049,30.90852274,3885153,1
2014,Western,*Others,32,65,0,31.01651925,30.77752335,3373734,1
2010,Southern,*Others,20,35,1,31.63938299,30.39469845,436876,1
2015,Southern,*Others,28,70,1,31.20993028,30.01946542,1440036,1
2015,Total,*Others,24,66,1,31.84951577,30.78279337,11497242,1
2013,Total,*Others,24,50,1,31.0184136,30.57140065,8755892,1
2014,Central,Residential,39,40,1,31.55326715,30.85196545,44155476,3
2016,Central,Residential,29,22,0,31.15673578,30.82380192,47451818,3
2008,Central,Residential,33,23,0,31.1412568,30.58540761,31697666,2
2006,Eastern,Residential,41,59,1,31.3826534,30.18840094,16981861,1
2017,Eastern,Residential,26,31,0,31.1111801,30.52370291,27619487,2
2011,Eastern,Residential,38,65,0,31.03302931,30.04901177,21310629,2
2013,Eastern,Residential,39,41,1,31.37259868,30.50059221,23230420,2
2005,Western,Residential,38,44,1,31.92909141,30.44216561,29656691,2
2015,Western,Residential,34,29,0,31.68001682,30.3020097,50728854,3
2016,Western,Residential,33,28,0,31.77920253,30.25786305,51567975,3
2009,Southern,Residential,21,31,1,31.67526565,30.30597857,12459478,1
2010,Southern,Residential,39,40,1,31.57294827,30.34151373,12332642,1
2005,Southern,Residential,24,57,1,31.50626845,30.27245735,8320650,1
2014,Southern,Residential,38,70,1,31.2859615,30.07612478,16413000,1
2011,Central,Industrial,40,29,0,31.66142533,30.33905902,4852750,1
2008,Central,Industrial,29,32,1,31.42697131,30.12033195,3894921,1
2013,Central,Industrial,20,62,1,31.91809192,30.91968647,5743222,1
2009,Eastern,Industrial,37,39,1,31.57503104,30.30459329,27125365,2
2017,Eastern,Industrial,41,38,1,31.62084184,30.62653033,34355674,2
2016,Eastern,Industrial,26,36,1,31.16302186,30.26694991,33276929,2
2007,Western,Industrial,39,64,0,31.55281223,30.62841383,3710565,1
2015,Western,Industrial,39,74,1,31.97385638,30.07981714,5815723,1
2011,Western,Industrial,29,50,1,31.4183809,30.43928038,4700709,1
2012,Western,Industrial,37,32,1,31.12356092,30.79590121,5212733,1
2009,Southern,Industrial,31,68,1,31.89818868,30.54851329,308373,1
2006,Southern,Industrial,20,71,1,31.63701942,30.85662918,108106,1
2007,Southern,Industrial,32,28,0,31.14293268,30.05355051,142999,1
2016,Southern,Industrial,26,44,1,31.76714027,30.0362302,756774,1
2007,Total,Industrial,28,24,0,31.94798703,30.53657229,31744778,2
2008,Total,Industrial,21,55,1,31.34620814,30.20910215,33566967,2
2013,Total,Industrial,38,60,0,31.39184726,30.12663079,51080064,3
2006,Eastern,Governmental,41,68,0,31.76087247,30.04862238,4842500,1
2011,Eastern,Governmental,39,62,0,31.54954976,30.35222785,5907102,1
2012,Eastern,Governmental,23,72,1,31.17922297,30.31839115,6314119,1
2014,Western,Governmental,36,50,0,31.06250488,30.79592347,7815233,1
2008,Western,Governmental,20,25,0,31.91661736,30.14247822,7214172,1
2007,Southern,Governmental,22,53,0,31.03440146,30.74692914,1825524,1
2015,Southern,Governmental,26,31,0,31.89683048,30.35878567,3910639,1
2017,Southern,Governmental,25,45,1,31.84452276,30.86785673,4863775,1
2011,Southern,Governmental,23,20,0,31.24911535,30.72540201,2432403,1
2009,Total,Governmental,35,67,0,31.97762795,30.8277969,26231733,2
2006,Total,Governmental,28,26,1,31.48717981,30.03265392,18004736,1
2007,Total,Governmental,29,44,0,31.01807539,30.07694914,25652475,2
2015,Total,Governmental,28,36,0,31.48098754,30.96895438,32795557,2
2017,Total,Governmental,20,53,1,31.74290489,30.1635989,38420392,2
2008,Total,Governmental,24,63,1,31.14911935,30.81228458,24306270,2
2006,Central,Commercial,27,70,0,31.73408665,30.20608605,5719504,1
2005,Central,Commercial,28,41,0,31.46262096,30.3073174,5039139,1
2014,Central,Commercial,28,27,1,31.70300247,30.78493811,14034672,1
2016,Central,Commercial,28,69,0,31.47518296,30.79477219,17296606,1
2012,Central,Commercial,36,23,0,31.02861947,30.73795153,11970388,1
2009,Eastern,Commercial,38,42,1,31.39251364,30.40285644,5886750,1
2006,Eastern,Commercial,42,67,1,31.55929213,30.52460426,4779163,1
2009,Western,Commercial,31,26,0,31.63894345,30.53985555,7848812,1
2007,Western,Commercial,20,64,1,31.91646845,30.01826522,6469808,1
2014,Western,Commercial,27,73,1,31.90047433,30.01673544,17068081,1
2012,Western,Commercial,37,60,1,31.82148902,30.11356167,13823656,1
2007,Southern,Commercial,33,46,0,31.60183459,30.29747718,965078,1
2005,Southern,Commercial,25,38,0,31.25918774,30.20740772,867081,1
2017,Southern,Commercial,26,35,0,31.77024035,30.79761324,4444418,1
2016,Southern,Commercial,40,29,0,31.28698319,30.80622104,4343047,1
2011,Southern,Commercial,39,38,0,31.24531588,30.96735982,2709934,1
2006,Total,Commercial,34,39,1,31.62696119,30.73463857,17073862,1
2007,Total,Commercial,40,21,1,31.12725446,30.79950157,19051032,1
2017,Total,Commercial,41,39,1,31.08067882,30.90518715,48251809,3
2016,Total,Commercial,37,70,1,31.48829524,30.94217542,48792853,3
2011,Total,Commercial,41,43,0,31.80201525,30.17590389,32511031,2
2008,Total,Commercial,35,62,0,31.84406178,30.19152035,21022565,2
2017,Central,Agricultural,20,26,0,31.06603109,30.00244791,3494427,1
2008,Central,Agricultural,35,26,1,31.60125285,30.58511061,2399270,1
2013,Central,Agricultural,29,29,1,31.45110644,30.65707853,2827004,1
2011,Eastern,Agricultural,36,48,1,31.0639345,30.99695803,667206,1
2008,Eastern,Agricultural,38,26,1,31.01118847,30.45755311,605297,1
2010,Western,Agricultural,30,44,1,31.11344059,30.97441836,523668,1
2017,Western,Agricultural,37,46,0,31.32723465,30.50380592,968794,1
2014,Southern,Agricultural,26,34,1,31.1481551,30.33815354,120634,1
2010,Total,Agricultural,35,56,1,31.32429229,30.49446387,3760936,1
2005,Total,Agricultural,39,69,0,31.08400225,30.69315112,3136320,1
2015,Eastern,*Others,41,24,0,31.10579225,30.06736757,1842293,1
2011,Western,*Others,32,51,1,31.92526779,30.37982671,698852,1
2012,Western,*Others,39,25,1,31.27062303,30.63498755,864191,1
2016,Southern,*Others,27,57,0,31.01427673,30.39547227,1485740,1
2010,Total,*Others,41,63,0,31.70707189,30.8901939,3975165,1
2006,Total,*Others,27,23,0,31.24860582,30.0000012,6115456,1
2005,Total,*Others,38,28,1,31.9431149,30.37067561,5301953,1
2017,Total,*Others,41,68,1,31.85277432,30.03931544,6045789,1
2016,Total,*Others,28,60,0,31.53651207,30.48508948,11087178,1
2012,Total,*Others,28,49,1,31.74878683,30.22322422,4268741,1
2010,Central,Residential,37,65,1,31.42549117,30.52779225,34836233,2
2011,Central,Residential,36,73,1,31.49462781,30.14529632,37042068,2
2012,Central,Residential,38,34,0,31.15426422,30.66682635,39588306,2
2007,Eastern,Residential,26,71,1,31.82319655,30.53793879,17328278,1
2012,Eastern,Residential,41,38,1,31.78937479,30.7053154,23545584,2
2006,Western,Residential,33,42,1,31.3964008,30.88284969,32321910,2
2007,Western,Residential,41,74,0,31.07768992,30.13897018,33693561,2
2014,Western,Residential,40,70,1,31.69498816,30.04795982,49472305,3
2013,Western,Residential,28,26,1,31.63176643,30.0737531,47561823,3
2006,Southern,Residential,31,67,1,31.9578241,30.85315585,9247978,1
2007,Southern,Residential,23,47,0,31.73880361,30.70837524,9530526,1
2011,Southern,Residential,22,58,1,31.16021445,30.08600478,12172199,1
2008,Southern,Residential,41,69,0,31.09326228,30.5281373,10458169,1
2008,Total,Residential,38,33,0,31.88023882,30.1990446,96687059,5
2012,Total,Residential,42,51,0,31.35465752,30.31382777,120466070,6
2006,Central,Industrial,40,34,1,31.46288292,30.18667636,3269142,1
2006,Eastern,Industrial,24,75,1,31.08282262,30.07546221,26567703,2
2008,Eastern,Industrial,35,35,0,31.93653939,30.3454842,25369271,2
2012,Eastern,Industrial,42,68,0,31.62680096,30.04896642,30569772,2
2009,Western,Industrial,37,64,1,31.40472884,30.75557893,4162475,1
2005,Western,Industrial,26,64,0,31.03059852,30.19537078,2704495,1
2008,Western,Industrial,26,74,0,31.82321437,30.12493886,4160451,1
2015,Southern,Industrial,39,74,0,31.7516606,30.69617832,797975,1
2012,Southern,Industrial,35,62,1,31.8819337,30.8610658,303565,1
2006,Total,Industrial,29,31,1,31.60239472,30.19039064,32548478,2
2007,Central,Governmental,42,65,0,31.31772151,30.00881633,9864510,1
2005,Central,Governmental,41,74,1,31.90717394,30.34189578,6894339,1
2014,Central,Governmental,32,24,0,31.83848685,30.0455421,11765527,1
2008,Central,Governmental,34,42,0,31.21601434,30.44026638,10476519,1
2017,Eastern,Governmental,35,36,1,31.77676227,30.96246129,6552668,1
2016,Eastern,Governmental,40,23,1,31.14239179,30.72215226,8649552,1
2008,Eastern,Governmental,41,43,1,31.61076585,30.13293509,4793625,1
2009,Southern,Governmental,36,20,1,31.05998053,30.75825078,2059245,1
2016,Southern,Governmental,24,73,1,31.81330558,30.13298042,3974516,1
2011,Total,Governmental,20,23,0,31.05890287,30.94554383,27527826,2
2007,Central,Commercial,23,20,1,31.32144764,30.79701146,7003703,1
2011,Central,Commercial,36,68,1,31.91483438,30.46831503,11334254,1
2013,Central,Commercial,33,70,1,31.41636261,30.53573162,12612462,1
2010,Eastern,Commercial,40,57,1,31.90034294,30.18554316,6403422,1
2016,Western,Commercial,28,35,1,31.00555687,30.30099617,17998435,1
2008,Western,Commercial,33,51,0,31.49441506,30.07322909,7242482,1
2014,Southern,Commercial,31,56,0,31.19826963,30.17835964,3580745,1
2012,Southern,Commercial,40,36,0,31.50463272,30.1294899,3126887,1
2005,Total,Commercial,42,61,0,31.86616476,30.48632226,15347758,1
2015,Total,Commercial,31,20,1,31.18482329,30.52089379,47401581,3
2013,Total,Commercial,42,30,0,31.78662257,30.4906276,39499621,2
2012,Total,Commercial,22,32,0,31.28789714,30.27990655,39263946,2
2007,Eastern,Agricultural,23,66,0,31.5466906,30.84000369,579093,1
2013,Eastern,Agricultural,39,33,0,31.83661256,30.8419342,742452,1
2006,Western,Agricultural,32,61,0,31.8639314,30.79963603,322232,1
2007,Western,Agricultural,31,45,0,31.41135169,30.84642803,554618,1
2015,Western,Agricultural,30,31,0,31.4652319,30.37936219,784321,1
2014,Western,Agricultural,36,22,1,31.91898407,30.83789111,679317,1
2009,Southern,Agricultural,30,65,1,31.36493533,30.79018681,74827,1
2006,Southern,Agricultural,20,52,0,31.17399503,30.35212194,57560,1
2005,Southern,Agricultural,31,39,1,31.51994645,30.46175794,52674,
2017,Southern,Agricultural,41,27,1,31.35928986,30.09038717,149821,1
2008,Southern,Agricultural,26,65,0,31.98159526,30.88907891,76647,1
2012,Southern,Agricultural,37,37,0,31.57197242,30.36840701,91980,1
2015,Total,Agricultural,23,66,0,31.70817534,30.0795574,5167533,1
2011,Total,Agricultural,36,55,1,31.37108526,30.97993941,3941851,1
2012,Total,Agricultural,31,57,0,31.54582838,30.17410482,4361931,1
2015,Central,*Others,27,61,0,31.00360258,30.40726879,4329760,1
2013,Eastern,*Others,20,34,1,31.19966863,30.41555827,1387569,1
2006,Western,*Others,21,20,0,31.56931391,30.79670959,2021360,1
2005,Southern,*Others,24,44,0,31.38762668,30.29054709,442594,1
2017,Southern,*Others,33,68,1,31.7439638,30.56527233,1096706,1
2011,Southern,*Others,28,75,1,31.57983937,30.1038868,683121,1
2012,Southern,*Others,29,48,1,31.20714654,30.27590678,590862,1
2015,Eastern,Residential,29,64,1,31.99472707,30.74607684,28132248,2
2014,Eastern,Residential,42,68,0,31.43626072,30.17448173,25866944,2
2010,Western,Residential,39,51,0,31.41674096,30.78445316,40465394,2
2017,Western,Residential,28,22,0,31.3381324,30.31284405,49935414,3
2011,Western,Residential,33,72,1,31.04752547,30.38386651,38736551,2
2008,Western,Residential,26,47,1,31.44630033,30.72117718,35961379,2
2012,Western,Residential,25,64,0,31.00193017,30.90801081,43759965,3
2016,Southern,Residential,30,58,1,31.29028821,30.79502333,17266718,1
2010,Total,Residential,24,69,1,31.35820739,30.21074562,108627472,6
2017,Total,Residential,29,52,0,31.48840897,30.32005685,143054731,7
2011,Total,Residential,30,51,1,31.61810762,30.11403309,109261447,6
2013,Total,Residential,31,22,0,31.14392763,30.21585725,125678089,7
2010,Eastern,Industrial,31,51,0,31.59079973,30.82093991,29654873,2
2013,Western,Industrial,21,29,0,31.58932845,30.38281136,6511155,1
2011,Southern,Industrial,21,57,1,31.45315825,30.85717678,167063,1
2008,Southern,Industrial,26,37,1,31.15456175,30.96082653,142324,1
2009,Total,Industrial,21,58,0,31.63632781,30.85512032,35875550,2
2010,Total,Industrial,25,69,1,31.05473121,30.68930588,38568706,2
2017,Total,Industrial,25,63,1,31.41100832,30.75581901,47230778,3
2016,Total,Industrial,20,52,0,31.6186912,30.34510249,46499379,3
2015,Central,Governmental,31,68,1,31.81511793,30.92431113,11298483,1
2016,Central,Governmental,21,21,1,31.8576745,30.08403594,11488891,1
2011,Central,Governmental,34,63,0,31.27123999,30.91574697,11242209,1
2009,Eastern,Governmental,22,42,0,31.09590878,30.71271726,5314001,1
2010,Eastern,Governmental,23,72,1,31.56627002,30.50848601,5855627,1
2014,Eastern,Governmental,24,38,1,31.73072961,30.66749048,7234720,1
2009,Western,Governmental,41,39,1,31.48920562,30.74815891,8247731,1
2015,Western,Governmental,31,63,0,31.22404987,30.95109967,8537751,1
2011,Western,Governmental,42,29,0,31.41327032,30.89729332,7946112,1
2010,Southern,Governmental,29,45,1,31.24556555,30.84158645,2392686,1
2006,Southern,Governmental,25,21,1,31.23289611,30.88125195,1306666,1
2005,Southern,Governmental,39,23,1,31.31902546,30.2724605,1221641,1
2010,Total,Governmental,31,51,1,31.78427998,30.50271121,28525663,2
2005,Total,Governmental,30,53,0,31.58699729,30.26840099,17346857,1
2014,Total,Governmental,38,52,1,31.19613547,30.3919265,30010819,2
2010,Central,Commercial,39,34,1,31.04686811,30.64324211,9725528,1
2015,Central,Commercial,30,53,0,31.59282028,30.44663874,16693781,1
2005,Eastern,Commercial,20,31,0,31.89403393,30.48030633,3944753,1
2008,Eastern,Commercial,40,70,0,31.82769335,30.97211206,5066875,1
2012,Eastern,Commercial,40,64,1,31.42975792,30.85483619,10343015,1
2010,Western,Commercial,21,64,1,31.17243978,30.24516866,10432949,1
2011,Western,Commercial,21,31,0,31.78058704,30.78582451,11870041,1
2013,Western,Commercial,42,66,0,31.21102301,30.669157,15289386,1
2009,Southern,Commercial,39,20,1,31.28008167,30.68166934,1593589,1
2006,Southern,Commercial,28,57,0,31.47992497,30.58546099,949522,1
2008,Southern,Commercial,42,47,0,31.34186954,30.06386449,1236969,1
2009,Total,Commercial,26,57,1,31.34522989,30.02549295,23202679,2
2010,Total,Commercial,39,41,1,31.50963288,30.83994702,28804641,2
2014,Total,Commercial,20,34,1,31.47302263,30.97970805,42607597,3
2006,Central,Agricultural,34,23,0,31.69191312,30.42981303,2476127,1
2005,Central,Agricultural,22,42,0,31.85678397,30.84233117,2320181,1
2015,Central,Agricultural,41,20,1,31.10478316,30.80303697,3284676,1
2011,Central,Agricultural,34,40,1,31.14061024,30.8641228,2617456,1
2012,Central,Agricultural,42,72,0,31.49641849,30.30247404,2828999,1
2015,Eastern,Agricultural,42,42,1,31.3326226,30.14542386,973952,1
2009,Western,Agricultural,34,29,0,31.77066602,30.5442209,546586,1
2005,Western,Agricultural,26,37,1,31.99036903,30.9392932,315842,1
2011,Western,Agricultural,26,52,0,31.72649686,30.96680017,580051,1
2013,Western,Agricultural,34,67,0,31.72563304,30.23778192,625887,1
2016,Southern,Agricultural,38,46,1,31.32394743,30.71824429,120756,1
2009,Total,Agricultural,41,45,1,31.33950419,30.86970277,5328961,1
2007,Total,Agricultural,27,39,0,31.30968117,30.68075638,3373577,1
2014,Total,Agricultural,37,61,0,31.35002996,30.94501915,4577353,1
2016,Total,Agricultural,38,74,1,31.0502922,30.50788388,5380610,1
2008,Total,Agricultural,37,42,1,31.05754622,30.8700041,3689324,1
2013,Total,Agricultural,40,20,0,31.92540129,30.46125568,4290278,1
2005,Central,*Others,42,61,0,31.63861577,30.31853904,1924801,1
2014,Central,*Others,22,71,1,31.12814324,30.47030746,3640968,1
2016,Central,*Others,24,35,0,31.00142169,30.12084361,4247069,1
2013,Central,*Others,33,64,0,31.20174557,30.7286039,3143953,1
2010,Eastern,*Others,39,49,0,31.25888934,30.9380081,2252831,1
2005,Eastern,*Others,23,75,1,31.77462651,30.36453285,1023664,1
2016,Eastern,*Others,36,40,1,31.80446956,30.28144067,1736945,1
2011,Eastern,*Others,37,27,1,31.47955685,30.17692368,2334403,1
2010,Western,*Others,39,69,1,31.87919516,30.71845313,695922,1
2005,Western,*Others,42,41,1,31.05856693,30.25286739,1910894,1
2013,Western,*Others,20,50,0,31.89875036,30.94090426,3056280,1
2006,Southern,*Others,29,50,1,31.30247314,30.67055562,668954,1
2014,Southern,*Others,36,37,0,31.4158215,30.2812481,1318470,1
2013,Southern,*Others,25,62,0,31.74421679,30.65330535,1168090,1
2014,Total,*Others,35,34,1,31.86336072,30.483079,9900137,1
2011,Total,*Others,39,62,1,31.53804578,30.36661242,4290783,1
2009,Central,Residential,32,30,1,31.80362572,30.89297548,32764090,2
2006,Central,Residential,28,45,1,31.14180391,30.48483647,27476518,2
2015,Central,Residential,26,72,0,31.79868264,30.81375968,48496159,3
2005,Eastern,Residential,39,59,0,31.01268573,30.77664887,14983538,1
2016,Eastern,Residential,35,40,0,31.28626121,30.53702734,26926414,2
2009,Western,Residential,22,62,1,31.88962465,30.27985202,38206816,2
2015,Southern,Residential,40,22,1,31.74529563,30.80572069,16683439,1
2017,Southern,Residential,32,39,0,31.76053155,30.69900644,17312694,1
2012,Southern,Residential,36,23,1,31.0691186,30.23789969,13572215,1
2006,Total,Residential,24,29,1,31.22621982,30.49823785,86028267,5
2007,Total,Residential,26,35,1,31.75976775,30.08470766,89480945,5
2005,Total,Residential,29,46,1,31.6081363,30.06431927,77452646,4
2014,Total,Residential,28,35,1,31.35809185,30.25873751,135907725,7
2009,Central,Industrial,23,25,1,31.16665321,30.81178546,4279337,1
2010,Central,Industrial,22,46,1,31.57983534,30.45498651,4506940,1
2007,Central,Industrial,30,74,1,31.27227229,30.76107649,4137562,1
2005,Central,Industrial,30,51,1,31.78561962,30.5382699,3429340,1
2014,Central,Industrial,36,46,1,31.27916977,30.90277131,5767831,1
2017,Central,Industrial,21,39,0,31.54233299,30.59861022,6413659,1
2016,Central,Industrial,26,35,0,31.85009387,30.38626214,6331590,1
2016,Western,Industrial,20,39,0,31.10962356,30.80122001,6134085,1
2015,Total,Industrial,31,71,1,31.82797421,30.67184193,45134213,3
2011,Total,Industrial,34,51,1,31.65919434,30.20915729,42128709,3
2012,Total,Industrial,32,49,0,31.17274072,30.37589977,41578629,3
2010,Central,Governmental,28,51,1,31.45064767,30.34109544,11570928,1
2006,Central,Governmental,26,29,1,31.48489259,30.09773867,7130417,1
2005,Eastern,Governmental,40,53,1,31.72497115,30.94353428,4491623,1
2007,Western,Governmental,32,49,1,31.01621325,30.82687545,7485156,1
2016,Western,Governmental,24,47,1,31.06733668,30.83877796,8606441,1
2012,Southern,Governmental,23,68,0,31.6472907,30.66022255,2836953,1
2016,Total,Governmental,28,61,0,31.15052663,30.9881807,32719401,2
2012,Total,Governmental,28,43,0,31.16080686,30.52309663,30348753,2
2008,Central,Commercial,26,55,1,31.55031704,30.20974305,7476239,1
2007,Eastern,Commercial,37,71,1,31.6724426,30.65338877,4612443,1
2017,Eastern,Commercial,37,21,0,31.15963744,30.38207148,9421971,1
2016,Eastern,Commercial,38,29,0,31.42868988,30.32173137,9154764,1
2011,Eastern,Commercial,23,49,1,31.7108285,30.96308612,6596802,1
2006,Western,Commercial,39,60,0,31.52118536,30.34227406,5625673,1
2015,Southern,Commercial,34,50,1,31.06717678,30.65656343,4261477,1
2013,Southern,Commercial,22,40,0,31.73819122,30.43252984,3381204,1
2009,Central,Agricultural,24,53,0,31.95118839,30.53668602,4054746,1
2010,Central,Agricultural,20,53,1,31.80508562,30.72956563,2516667,1
2016,Central,Agricultural,39,20,1,31.09719171,30.57559554,3470114,1
2010,Eastern,Agricultural,42,48,0,31.94827073,30.10395014,643115,1
2006,Eastern,Agricultural,21,73,0,31.40765095,30.49260071,524369,1
2005,Eastern,Agricultural,27,62,1,31.42374797,30.12367566,447623,1
2014,Eastern,Agricultural,42,24,0,31.28909933,30.48573942,823794,1
2017,Eastern,Agricultural,40,44,0,31.69540563,30.10352556,1040304,1
2016,Eastern,Agricultural,33,72,1,31.75499735,30.39451406,919708,1
2012,Eastern,Agricultural,25,23,0,31.03143202,30.77483513,766747,1
2010,Southern,Agricultural,31,64,0,31.64848538,30.53690054,77486,1
2007,Southern,Agricultural,36,60,0,31.05448675,30.43877502,78139,1
2015,Southern,Agricultural,20,61,0,31.90583361,30.86841837,124584,1
2013,Southern,Agricultural,41,68,1,31.54278072,30.95505293,94935,1
2006,Total,Agricultural,29,67,1,31.22592761,30.35231477,3380288,1
2017,Total,Agricultural,24,35,1,31.76197921,30.27500233,5653346,1
2010,Central,Agricultural,40,34,0,31.47323383,30.19039064,589536,1
2017,Central,Agricultural,33,57,0,31.89427989,30.10579659,963859,1
2012,Central,Agricultural,32,43,0,31.26989018,30.70476379,626124,1
2006,Eastern,Agricultural,31,26,0,31.56146455,30.20446549,993476,1
2014,Eastern,Agricultural,29,47,1,31.26933911,30.89141942,1566965,1
2017,Eastern,Agricultural,42,42,1,31.04045191,30.6053822,3070202,1
2012,Eastern,Agricultural,25,75,1,31.21235113,30.94403719,2187564,1
2017,Western,Agricultural,40,22,1,31.60137388,30.97548092,915022,1
2016,Western,*Others,31,52,0,31.8604624,30.55671913,3617423,1
2017,Western,*Others,21,70,1,31.63709769,30.88767446,3617424,1
2018,Western,*Others,28,49,0,31.69074937,30.43302063,3617425,1
2019,Western,*Others,27,57,1,31.29363477,30.93079269,3617426,1
2020,Western,*Others,21,74,1,31.87175717,30.7134903,3617427,
2021,Western,*Others,27,74,1,31.89748158,30.19556931,3617428,
2022,Western,*Others,41,71,1,31.29355266,30.22585927,3617429,
2023,Western,*Others,36,55,1,31.72674078,30.61355847,3617430,
2024,Western,*Others,27,37,0,31.32286053,30.73186962,3617431,
2025,Western,Agricultural,21,72,1,31.50898239,30.65353789,3617432,
2026,Western,Agricultural,32,21,0,31.44258693,30.63970663,3617433,
2027,Western,Agricultural,32,35,0,31.71597947,30.79600045,3617434,
2028,Western,Agricultural,33,49,0,31.35357992,30.11106573,3617435,
2029,Western,Agricultural,23,55,1,31.21786137,30.88959245,3617436,
2030,Western,Agricultural,33,48,0,31.50915595,30.97022586,3617437,
2031,Western,Agricultural,20,49,0,31.05464532,30.53568114,3617438,
2032,Western,Agricultural,39,29,1,31.74074108,30.2717815,3617439,
2033,Western,Agricultural,24,47,0,31.24347824,30.18149056,3617440,
2034,Western,*Others,24,54,0,31.86741837,30.60555794,3617441,
2035,Western,*Others,32,57,1,31.90453585,30.30992319,3617442,
2036,Western,*Others,25,41,1,31.02306326,30.00708395,3617443,
2037,Western,*Others,25,41,0,31.87888365,30.12572605,3617444,
2038,Western,*Others,23,34,0,31.66691732,30.71343469,3617445,
2039,Western,*Others,36,34,1,31.96903264,30.34953933,3617446,
2040,Western,*Others,22,68,1,31.35734664,30.71622103,3617447,
2041,Western,*Others,22,73,1,31.39874592,30.5837481,3617448,
2042,Western,*Others,20,58,0,31.86458394,30.59297313,3617449,
2043,Western,*Others,20,29,1,31.15821663,30.12201907,3617450,
2044,Western,*Others,39,59,1,31.88287817,30.26611822,3617451,
2045,Western,*Others,20,69,1,31.86254976,30.7824143,3617452,
2046,Western,*Others,22,63,1,31.32010872,30.15015745,3617453,
2047,Western,*Others,25,38,0,31.14121717,30.51921416,3617454,
2048,Western,*Others,41,50,1,31.10596021,30.1648525,3617455,
2049,Western,*Others,29,67,1,31.75023295,30.08428016,3617456,
2050,Western,*Others,36,49,1,31.16348146,30.06545363,3617457,
2051,Western,*Others,24,52,1,31.64219665,30.84574143,3617458,
2052,Western,*Others,39,62,0,31.19485122,30.1663661,3617459,
2053,Western,*Others,34,43,1,31.56312987,30.49596626,3617460,
2054,Western,*Others,33,47,1,31.53462836,30.02501809,3617461,
2055,Western,*Others,23,74,0,31.52483482,30.35122866,3617462,
2056,Western,*Others,21,68,1,31.80525693,30.53068705,3617463,
2057,Western,*Others,25,46,1,31.59020257,30.27032207,3617464,
2058,Western,*Others,30,26,0,31.938236,30.27269723,3617465,
2059,Western,*Others,34,61,1,31.70698706,30.72417415,3617466,
2060,Western,*Others,32,25,0,31.96565752,30.72717894,3617467,
2061,Western,*Others,27,49,0,31.07002847,30.55499561,3617468,
2062,Western,*Others,35,64,0,31.12064563,30.45718594,3617469,
2063,Western,*Others,24,43,0,31.82355315,30.82144767,3617470,
2064,Western,*Others,40,62,0,31.18912817,30.53125744,3617471,
2065,Western,*Others,30,70,1,31.58455045,30.57092343,3617472,
2066,Western,*Others,28,70,0,31.51890928,30.56505924,3617473,
2067,Western,*Others,30,53,1,31.43712543,30.80811264,3617474,
2068,Western,*Others,39,75,1,31.46843624,30.34768431,3617475,
2069,Western,*Others,32,45,0,31.96710356,30.13664823,3617476,
2070,Western,*Others,26,57,1,31.04066568,30.92253693,3617477,
2071,Western,*Others,37,57,0,31.9151743,30.54888145,3617478,
2072,Western,*Others,41,23,0,31.68960656,30.38913749,3617479,
2073,Western,*Others,36,66,1,31.16585935,30.10993889,3617480,
2074,Western,Agricultural,28,34,1,31.14318541,30.50521635,3617481,
2075,Western,Agricultural,29,53,0,31.91597237,30.03417563,3617482,
2076,Western,Agricultural,30,49,0,31.6019391,30.14460084,3617483,
2077,Western,Agricultural,23,49,1,31.77482077,30.55137267,3617484,
2078,Western,Agricultural,41,63,1,31.55176738,30.07386073,3617485,
2079,Western,Agricultural,21,53,0,31.88047655,30.85368531,3617486,
2080,Western,Agricultural,40,47,0,31.90239426,30.87730997,3617487,
2081,Western,Agricultural,26,25,0,31.86573188,30.02804829,3617488,
2082,Western,Agricultural,27,23,0,31.85663935,30.32265228,3617489,
2083,Western,*Others,31,20,1,31.92383145,30.36274758,3617490,
2084,Western,*Others,40,50,1,31.16191512,30.02995624,3617491,
2085,Western,*Others,34,67,1,31.98386374,30.16696825,3617492,
2086,Western,*Others,39,56,0,31.92303848,30.77172859,3617493,
2087,Western,*Others,22,69,1,31.1408521,30.97128557,3617494,
2088,Western,*Others,33,28,1,31.3080529,30.87392989,3617495,
2089,Western,*Others,23,68,1,31.24234843,30.17744355,3617496,
2090,Western,*Others,24,55,1,31.97420023,30.42397768,3617497,
2091,Western,*Others,35,75,1,31.70943685,30.142495,3617498,
2092,Western,*Others,40,60,1,31.24274713,30.28351843,3617499,
2093,Western,Agricultural,23,49,0,31.81033666,30.62587202,3617500,
2094,Western,Agricultural,33,72,1,31.60766017,30.98440353,3617501,
2095,Western,Agricultural,32,40,0,31.83315216,30.10532872,3617502,
2096,Western,Agricultural,22,60,1,31.72797003,30.65022981,3617503,
2097,Western,Agricultural,37,47,1,31.30178896,30.58188376,3617504,
2098,Western,Agricultural,41,46,0,31.11447844,30.24148792,3617505,
2099,Western,Agricultural,33,58,1,31.23299512,30.15186047,3617506,
2100,Western,Agricultural,20,62,0,31.15223185,30.94768117,3617507,
2101,Western,Agricultural,20,33,0,31.54677691,30.6004847,3617508,
2102,Western,Agricultural,20,36,0,31.69451489,30.88992706,3617509,
2103,Western,*Others,25,75,1,31.75297699,30.85650019,3617510,
2104,Western,*Others,27,72,1,31.82911185,30.12831732,3617511,
2105,Western,*Others,22,25,0,31.45285426,30.16755192,3617512,
2106,Western,*Others,33,48,1,31.16984496,30.62426396,3617513,
2107,Western,*Others,41,54,1,31.84718928,30.8184849,3617514,
2108,Western,*Others,23,32,1,31.0157354,30.87301441,3617515,
2109,Western,*Others,28,37,0,31.78619181,30.65159363,3617516,
2110,Western,*Others,33,33,1,31.35312615,30.20870194,3617517,
2111,Western,*Others,37,28,0,31.48093461,30.99149685,3617518,
2112,Western,*Others,26,21,0,31.82221036,30.60531875,3617519,
2113,Western,*Others,23,47,1,31.09988666,30.20812805,3617520,
2114,Western,*Others,35,43,0,31.24333274,30.20276044,3617521,
2115,Western,Agricultural,27,64,1,31.20297139,30.67940523,3617522,
2116,Western,Agricultural,25,40,1,31.55236066,30.23565603,3617523,
2117,Western,Agricultural,25,51,1,31.16491975,30.43404974,3617524,
2118,Western,Agricultural,21,26,0,31.07743004,30.31826225,3617525,
2119,Western,Agricultural,33,50,1,31.6688958,30.60365829,3617526,
2120,Western,Agricultural,38,62,0,31.24945078,30.81845157,3617527,
2121,Western,Agricultural,29,54,0,31.77218255,30.3741666,3617528,
2122,Western,Agricultural,31,55,1,31.60418577,30.89257328,3617529,
2123,Western,Agricultural,33,27,1,31.64568302,30.84110071,3617530,
2124,Western,Agricultural,30,29,1,31.77609871,30.50727389,3617531,
2125,Western,Agricultural,24,39,1,31.51206045,30.58216958,3617532,
2126,Western,Agricultural,38,42,0,31.79728545,30.44181384,3617533,
2127,Western,*Others,32,21,1,31.53268668,30.89400615,3617534,
2128,Western,*Others,20,46,1,31.0843529,30.8270428,3617535,
2129,Western,*Others,30,23,1,31.82784016,30.80922332,3617536,
2130,Western,*Others,32,29,0,31.47117176,30.54809686,3617537,
2131,Western,*Others,25,57,0,31.30627133,30.33306818,3617538,
2132,Western,*Others,36,65,1,31.58313612,30.04217282,3617539,
2133,Western,*Others,20,74,1,31.51097006,30.8535995,3617540,
2134,Western,*Others,40,50,0,31.53655458,30.64798974,3617541,
2135,Western,*Others,41,66,1,31.45216919,30.7431973,3617542,
2136,Western,*Others,40,63,1,31.03068456,30.66274417,3617543,
2137,Western,*Others,21,27,1,31.83307588,30.16731442,3617544,
2138,Western,*Others,40,43,0,31.74258232,30.65939345,3617545,
2139,Western,*Others,42,59,0,31.27452782,30.9690718,3617546,
2140,Western,Agricultural,39,51,0,31.55004572,30.87700774,3617547,
2141,Western,Agricultural,22,22,0,31.74653463,30.84025028,3617548,
2142,Western,Agricultural,21,61,1,31.47703345,30.39182575,3617549,
2143,Western,Agricultural,31,44,1,31.06896583,30.28825088,3617550,
2144,Western,Agricultural,31,25,1,31.411061,30.07085779,3617551,
2145,Western,Agricultural,32,35,1,31.93294304,30.12093717,3617552,
2146,Western,Agricultural,39,48,1,31.05348811,30.68677572,3617553,
2147,Western,Agricultural,21,33,0,31.43859634,30.8137982,3617554,
2148,Western,Agricultural,28,53,0,31.08689199,30.24728407,3617555,
2149,Western,Agricultural,25,33,0,31.28704732,30.41402812,3617556,
2150,Western,Agricultural,35,33,0,31.98510723,30.84613091,3617557,
2151,Western,Agricultural,21,43,1,31.21264482,30.27515078,3617558,
2152,Western,Agricultural,23,75,0,31.88063418,30.58349376,3617559,
2153,Western,Agricultural,30,35,0,31.86847688,30.61749894,3617560,
2154,Western,Agricultural,29,54,1,31.01530264,30.99254477,3617561,
2155,Western,*Others,33,63,0,31.49798305,30.74988286,3617562,
2156,Western,*Others,40,50,1,31.93986382,30.6148402,3617563,
2157,Western,*Others,27,63,1,31.67436885,30.32126416,3617564,
2158,Western,*Others,37,61,0,31.63084013,30.88845143,3617565,
2159,Western,*Others,39,66,0,31.57703573,30.23268702,3617566,
2160,Western,*Others,39,65,1,31.36028091,30.65217007,3617567,
2161,Western,*Others,26,39,1,31.10395445,30.24717302,3617568,
2162,Western,*Others,33,21,0,31.76262964,30.43258514,3617569,
2163,Western,*Others,27,41,0,31.74723562,30.70356295,3617570,
2164,Western,*Others,37,74,0,31.14847589,30.00866942,3617571,
2165,Western,*Others,30,74,1,31.836795,30.92063605,3617572,
2166,Western,*Others,29,63,1,31.05413829,30.00012614,3617573,
2167,Western,*Others,37,70,0,31.16545956,30.99758339,3617574,
2168,Western,*Others,22,32,1,31.10481803,30.96977375,3617575,
2169,Western,*Others,26,63,1,31.16047644,30.0994576,3617576,
2170,Western,*Others,39,71,1,31.52274532,30.51346049,3617577,
2171,Western,*Others,23,33,0,31.2531762,30.69307371,3617578,
2172,Western,*Others,40,65,0,31.49417338,30.55384855,3617579,
2173,Western,*Others,32,43,0,31.04899514,30.50855572,3617580,
2174,Western,*Others,31,74,1,31.40786148,30.02736176,3617581,
2175,Western,Agricultural,26,42,0,31.47504754,30.78547794,3617582,
2176,Western,Agricultural,31,37,1,31.51290549,30.90280627,3617583,
2177,Western,*Others,30,46,0,31.4677276,30.29509986,3617584,
2178,Western,*Others,42,42,1,31.52660342,30.63987269,3617585,
2179,Western,*Others,26,56,0,31.21832821,30.78408045,3617586,
2180,Western,*Others,20,47,0,31.14155236,30.6113571,3617587,
2181,Western,*Others,36,62,0,31.42383697,30.36788996,3617588,
2182,Western,*Others,34,41,0,31.4613163,30.33612066,3617589,
2183,Western,*Others,35,44,0,31.55752588,30.64162224,3617590,
2184,Western,*Others,24,27,0,31.06363137,30.1217665,3617591,
2185,Western,*Others,34,73,1,31.03880681,30.51702515,3617592,
2186,Western,*Others,25,30,1,31.84828873,30.03875635,3617593,
2187,Western,*Others,25,36,0,31.8723067,30.06596535,3617594,
2188,Western,*Others,40,64,1,31.18844438,30.17637982,3617595,
2189,Western,*Others,30,64,0,31.66646187,30.12521046,3617596,
2190,Western,*Others,25,68,1,31.49246905,30.5467865,3617597,
2191,Western,*Others,30,37,1,31.92480572,30.25496989,3617598,
2192,Western,*Others,25,53,1,31.63657257,30.02528287,3617599,
2193,Western,*Others,42,35,1,31.98618172,30.71016392,3617600,
2194,Western,*Others,30,48,1,31.67134936,30.85732704,3617601,
2195,Western,*Others,29,64,0,31.30337513,30.09706327,3617602,
2196,Western,*Others,30,46,0,31.28684837,30.35496737,3617603,
2197,Western,Agricultural,24,46,1,31.4624517,30.51924577,3617604,
2198,Western,Agricultural,27,54,0,31.86288736,30.68995916,3617605,
2199,Western,Agricultural,29,21,0,31.28390677,30.88494146,3617606,
2200,Western,Agricultural,31,60,1,31.32160162,30.42562638,3617607,
2201,Western,Agricultural,31,68,1,31.20244498,30.29576783,3617608,
2202,Western,Agricultural,23,44,0,31.83419956,30.42792162,3617609,
2203,Western,*Others,24,42,0,31.50087764,30.10464584,3617610,
2204,Western,*Others,33,52,1,31.7406743,30.33303412,3617611,
2205,Western,*Others,20,32,0,31.27539318,30.21971486,3617612,
2206,Western,*Others,22,63,0,31.59082938,30.5339283,3617613,
2207,Western,*Others,37,27,0,31.09639964,30.33655858,3617614,
2208,Western,*Others,26,53,0,31.28602641,30.1060711,3617615,
2209,Western,*Others,27,65,0,31.22320453,30.68169782,3617616,
2210,Western,*Others,23,44,0,31.16334073,30.20069198,3617617,
2211,Western,*Others,39,21,0,31.11692021,30.8011954,3617618,
2212,Western,*Others,25,40,1,31.93496976,30.51558595,3617619,
2213,Western,*Others,27,68,1,31.3861136,30.21325308,3617620,
2214,Western,*Others,41,53,0,31.19758976,30.29037463,3617621,
2215,Western,*Others,37,25,1,31.34659889,30.76795548,3617622,
2216,Western,*Others,42,57,1,31.08882039,30.29496431,3617623,
2217,Western,*Others,38,36,0,31.40086308,30.35449824,3617624,
2218,Western,*Others,39,40,1,31.40442878,30.36991542,3617625,
2219,Western,*Others,41,29,0,31.95391157,30.81775757,3617626,
2220,Western,*Others,28,57,1,31.99000388,30.19114064,3617627,
2221,Western,*Others,31,37,0,31.93005957,30.77476483,3617628,
2222,Western,*Others,35,36,1,31.23345506,30.71060693,3617629,
2223,Western,*Others,27,25,1,31.49325091,30.88141639,3617630,
2224,Western,*Others,29,26,1,31.76027743,30.0305177,3617631,
2225,Western,*Others,24,40,1,31.34803334,30.79399109,3617632,
2226,Western,*Others,31,21,1,31.79155116,30.83392235,3617633,
2227,Western,*Others,40,72,1,31.87958954,30.27392568,3617634,
2228,Western,*Others,20,53,0,31.65008201,30.91919468,3617635,
2229,Western,*Others,27,30,0,31.78996094,30.71857957,3617636,
2230,Western,*Others,33,65,1,31.20124897,30.85092789,3617637,
2231,Western,*Others,20,71,0,31.20134679,30.3904973,3617638,
2232,Western,*Others,34,69,0,31.33828689,30.26881505,3617639,
2233,Western,*Others,35,23,1,31.34139639,30.96686069,3617640,
2234,Western,*Others,24,70,1,31.8081524,30.59892779,3617641,
2235,Western,*Others,24,64,1,31.88539606,30.4305312,3617642,
2236,Western,*Others,34,39,1,31.70874588,30.75122725,3617643,
2237,Western,*Others,36,50,0,31.20407037,30.80530849,3617644,
2238,Western,*Others,42,21,0,31.26666845,30.71524121,3617645,
2239,Western,*Others,26,39,0,31.96404523,30.63603785,3617646,
2240,Western,*Others,35,53,1,31.52285419,30.1312363,3617647,
2241,Western,*Others,24,23,0,31.55213697,30.94012087,3617648,
2242,Western,*Others,36,58,0,31.33077694,30.23067951,3617649,
2243,Western,*Others,28,62,0,31.88571147,30.94739138,3617650,
2244,Western,*Others,26,74,1,31.88553986,30.09396642,3617651,
2245,Western,*Others,37,35,1,31.37297637,30.04870466,3617652,
2246,Western,*Others,27,26,1,31.50992243,30.434885,3617653,
2247,Western,*Others,37,25,0,31.47162467,30.05233987,3617654,
2248,Western,*Others,41,46,0,31.31813498,30.26593611,3617655,
2249,Western,*Others,20,24,0,31.55806181,30.35598518,3617656,
2250,Western,*Others,22,41,1,31.05096751,30.74169702,3617657,
2251,Western,*Others,22,37,0,31.61349237,30.53329747,3617658,
2252,Western,*Others,29,75,0,31.16129948,30.88304687,3617659,
2253,Western,*Others,32,60,1,31.3689476,30.55210414,3617660,
2254,Western,*Others,33,57,0,31.99417303,30.6555605,3617661,
2255,Western,*Others,42,21,1,31.76214669,30.49507581,3617662,
2256,Western,*Others,32,48,0,31.47043582,30.61835821,3617663,
2257,Western,*Others,38,54,0,31.86512326,30.06280521,3617664,
2258,Western,*Others,28,60,1,31.01381307,30.48132062,3617665,
2259,Western,*Others,33,51,0,31.4751652,30.52613973,3617666,
2260,Western,*Others,33,52,1,31.36564401,30.04862775,3617667,
2261,Western,*Others,31,38,1,31.96021502,30.00606018,3617668,
2262,Western,*Others,41,23,0,31.03906695,30.94041444,3617669,
2263,Western,*Others,42,70,0,31.85553075,30.83863953,3617670,
2264,Western,*Others,26,34,1,31.46369594,30.02470806,3617671,
2265,Western,*Others,31,20,1,31.28739465,30.80718029,3617672,
2266,Western,*Others,34,60,0,31.02026346,30.66735307,3617673,
2267,Western,*Others,21,46,1,31.23412881,30.70163675,3617674,
2268,Western,*Others,27,31,0,31.97134276,30.04291129,3617675,
2269,Western,*Others,33,60,1,31.56430798,30.57034519,3617676,
2270,Western,*Others,36,67,1,31.69284763,30.86658916,3617677,
2271,Western,*Others,25,68,0,31.20422288,30.12319763,3617678,
2272,Western,Agricultural,36,51,1,31.95287275,30.3032454,3617679,
2273,Western,Agricultural,40,35,1,31.42839676,30.55521503,3617680,
2274,Western,Agricultural,39,37,0,31.72052697,30.86219617,3617681,
2275,Western,Agricultural,42,45,0,31.28786699,30.65176228,3617682,
2276,Western,Agricultural,20,65,0,31.40842742,30.03931025,3617683,
2277,Western,Agricultural,36,70,0,31.82168583,30.91072699,3617684,
2278,Western,Agricultural,25,34,0,31.90498385,30.26017412,3617685,
2279,Western,*Others,23,51,0,31.46293153,30.89908238,3617686,
2280,Western,*Others,30,63,1,31.1241822,30.79846912,3617687,
2281,Western,*Others,37,43,0,31.45660349,30.2443892,3617688,
2282,Western,Industrial,35,70,1,31.23713513,30.64930782,3617689,
2283,Western,Industrial,42,26,0,31.16582029,30.2837166,3617690,
2284,Western,Industrial,42,68,1,31.64337486,30.25932857,3617691,
2285,Western,Industrial,28,31,1,31.06385137,30.19592136,3617692,
2286,Western,Industrial,39,47,1,31.68827589,30.49148861,3617693,
2287,Western,Industrial,35,41,1,31.10389788,30.73876467,3617694,
2288,Western,Industrial,31,56,1,31.46616928,30.25626825,3617695,
2289,Western,Industrial,32,54,1,31.28098611,30.20598303,3617696,
2290,Western,*Others,21,20,1,31.43459612,30.96654558,3617697,
2291,Western,*Others,22,21,0,31.29003458,30.0514213,3617698,
2292,Western,*Others,33,27,1,31.77839942,30.44522098,3617699,
2293,Western,*Others,33,22,1,31.63871994,30.30399709,3617700,
2294,Western,*Others,40,55,0,31.02264782,30.42704246,3617701,
2295,Western,Industrial,35,66,1,31.65672352,30.583073,3617702,
2296,Western,Industrial,27,44,0,31.47204807,30.04596229,3617703,
2297,Western,Industrial,39,23,0,31.77986026,30.86676245,3617704,
2298,Western,Industrial,23,45,1,31.84036089,30.60785268,3617705,
2299,Western,Agricultural,29,48,0,31.12412141,30.79324633,3617706,
2300,Western,Agricultural,28,74,1,31.62961011,30.61730792,3617707,
2301,Western,Agricultural,39,24,0,31.34478171,30.05175194,3617708,
2302,Western,Agricultural,40,28,0,31.49482925,30.76452124,3617709,
2303,Western,Agricultural,20,73,0,31.93575962,30.4625148,3617710,
2304,Western,Agricultural,27,72,0,31.03138911,30.07456891,3617711,
2305,Western,Agricultural,28,39,0,31.67193236,30.2158029,3617712,
2306,Western,Agricultural,38,59,1,31.66934607,30.34859082,3617713,
2307,Western,Agricultural,21,24,0,31.94014561,30.21173476,3617714,
2308,Western,Industrial,35,45,0,31.71553675,30.67651507,3617715,
2309,Western,*Others,34,51,0,31.40789639,30.40664062,3617716,
2310,Western,*Others,20,67,0,31.42914109,30.45920381,3617717,
2311,Western,*Others,32,43,1,31.90167874,30.07064906,3617718,
2312,Western,*Others,30,69,0,31.40373857,30.34918354,3617719,
2313,Western,*Others,35,34,0,31.24662834,30.02122837,3617720,
2314,Western,*Others,41,75,0,31.10726282,30.19755545,3617721,
2315,Western,*Others,30,21,1,31.4263967,30.31641496,3617722,
2316,Western,*Others,20,51,0,31.92552123,30.29811113,3617723,
2317,Western,*Others,37,38,1,31.01258992,30.01277019,3617724,
2318,Western,*Others,27,22,0,31.36294918,30.62733876,3617725,
2319,Western,*Others,36,27,0,31.94854296,30.33719686,3617726,
2320,Western,*Others,23,40,1,31.97350233,30.31229648,3617727,
2321,Western,*Others,22,52,0,31.22330711,30.52657973,3617728,
2322,Western,*Others,27,74,0,31.07179789,30.26756892,3617729,
2323,Western,*Others,30,39,0,31.04128662,30.73403022,3617730,
2324,Western,*Others,42,37,0,31.0328751,30.9930523,3617731,
2325,Western,*Others,39,56,1,31.90249326,30.72925544,3617732,
2326,Western,*Others,33,37,1,31.49197039,30.08815778,3617733,
2327,Western,Agricultural,36,72,0,31.17685613,30.83193852,3617734,
2328,Western,Agricultural,36,34,1,31.8465274,30.7418084,3617735,
2329,Western,Agricultural,27,66,0,31.42906044,30.77218748,3617736,
2330,Western,Agricultural,24,65,0,31.10427871,30.7787465,3617737,
2331,Western,Agricultural,37,34,0,31.08588324,30.29259145,3617738,
2332,Western,Agricultural,40,38,1,31.44675896,30.99447567,3617739,
2333,Western,*Others,32,71,1,31.17477364,30.26279143,3617740,
2334,Western,*Others,32,47,1,31.35351236,30.88334831,3617741,
2335,Western,*Others,30,22,1,31.79221886,30.01897645,3617742,
2336,Western,*Others,31,49,1,31.18457028,30.58279916,3617743,
2337,Western,*Others,24,24,1,31.03004245,30.92627452,3617744,
2338,Western,*Others,35,49,1,31.37547256,30.3133563,3617745,
2339,Western,*Others,37,32,0,31.65044152,30.78270165,3617746,
2340,Western,*Others,40,23,0,31.64089544,30.84818773,3617747,
2341,Western,*Others,27,42,1,31.14887702,30.17064043,3617748,
2342,Western,*Others,35,50,1,31.03159096,30.50571272,3617749,
2343,Western,*Others,31,24,1,31.36225021,30.53917632,3617750,
2344,Western,*Others,35,39,0,31.1642881,30.84618388,3617751,
2345,Western,*Others,24,58,1,31.51671068,30.44795348,3617752,
2346,Western,Agricultural,22,30,0,31.34324776,30.06964715,3617753,
2347,Western,Agricultural,33,50,1,31.10815413,30.09563083,3617754,
2348,Western,Agricultural,22,57,0,31.55591383,30.59330002,3617755,
2349,Western,Agricultural,40,70,1,31.42776441,30.99475228,3617756,
2350,Western,Agricultural,20,41,0,31.78835737,30.75027422,3617757,
2351,Western,Agricultural,25,53,1,31.34130004,30.11564131,3617758,
2352,Western,Agricultural,32,59,0,31.48373693,30.51241674,3617759,
2353,Western,Agricultural,36,33,1,31.05679654,30.61553889,3617760,
2354,Western,Agricultural,28,45,0,31.64012554,30.29480597,3617761,
2355,Western,Agricultural,38,36,1,31.92800281,30.89882935,3617762,
2356,Western,Agricultural,40,68,1,31.35370877,30.80976838,3617763,
2357,Western,*Others,20,24,0,31.33081777,30.1002403,3617764,
2358,Western,*Others,24,24,0,31.40045063,30.00485037,3617765,
2359,Western,*Others,33,28,0,31.66973391,30.58640998,3617766,
2360,Western,*Others,21,42,1,31.04058431,30.12934992,3617767,
2361,Western,*Others,25,45,0,31.3022301,30.94215346,3617768,
2362,Western,*Others,42,71,0,31.90694543,30.59233619,3617769,
2363,Western,*Others,34,73,0,31.39446199,30.78711953,3617770,
2364,Western,*Others,21,48,1,31.516414,30.45019462,3617771,
2365,Western,*Others,39,22,0,31.87962341,30.47282375,3617772,
2366,Western,*Others,30,32,1,31.25619035,30.06585356,3617773,
2367,Western,*Others,21,67,1,31.759101,30.51361547,3617774,
2368,Western,*Others,42,60,1,31.3344333,30.46247224,3617775,
2369,Western,*Others,28,21,1,31.30563633,30.18564863,3617776,
2370,Western,*Others,26,21,1,31.88628808,30.48690873,3617777,
2371,Western,*Others,38,63,0,31.59868539,30.3995913,3617778,
2372,Western,*Others,37,61,1,31.07956424,30.00818416,3617779,
2373,Western,*Others,33,47,0,31.57554731,30.08039921,3617780,
2374,Western,*Others,41,68,1,31.06372098,30.6876038,3617781,
2375,Western,*Others,29,25,0,31.60319205,30.97365109,3617782,
2376,Western,*Others,33,40,1,31.42151763,30.42552091,3617783,
2377,Western,*Others,37,28,0,31.74345767,30.62171831,3617784,
2378,Western,*Others,27,20,0,31.31614376,30.38078043,3617785,
2379,Western,*Others,36,21,1,31.02874272,30.47870552,3617786,
2380,Western,*Others,41,22,0,31.95168177,30.24116636,3617787,
2381,Western,*Others,36,36,1,31.496652,30.35262393,3617788,
2382,Western,*Others,34,67,1,31.60187476,30.33398699,3617789,
2383,Western,*Others,35,28,0,31.8181465,30.55606809,3617790,
2384,Western,*Others,36,70,0,31.91954839,30.65164842,3617791,
2385,Western,*Others,34,57,1,31.66825383,30.87717623,3617792,
2386,Western,*Others,35,65,0,31.77123513,30.85435155,3617793,
2387,Western,*Others,21,23,1,31.23267153,30.68139342,3617794,
2388,Western,*Others,33,20,0,31.5811729,30.16981289,3617795,
2389,Western,*Others,42,65,0,31.48357855,30.53539656,3617796,
2390,Western,*Others,23,23,0,31.50040058,30.75248125,3617797,
2391,Western,Industrial,27,39,1,31.64088716,30.12635395,3617798,
2392,Western,Industrial,41,34,1,31.68347311,30.80908787,3617799,
2393,Western,Industrial,23,66,0,31.08344953,30.26897478,3617800,
2394,Western,Industrial,29,69,0,31.53565576,30.13788576,3617801,
2395,Western,Industrial,23,60,0,31.42724127,30.07171152,3617802,
2396,Western,Industrial,21,30,0,31.92268266,30.87544748,3617803,
2397,Western,Industrial,35,70,1,31.06750854,30.22094225,3617804,
2398,Western,Industrial,24,53,0,31.29544955,30.24206529,3617805,
2399,Western,Industrial,20,73,0,31.84312043,30.00628862,3617806,
2400,Western,*Others,24,75,1,31.13579406,30.92165284,3617807,
2401,Western,*Others,40,44,0,31.50827374,30.43831306,3617808,
2402,Western,*Others,21,69,0,31.40551288,30.76010827,3617809,
2403,Western,*Others,31,38,1,31.976826,30.00395384,3617810,
2404,Western,*Others,36,74,0,31.66375016,30.61764764,3617811,
2405,Western,*Others,21,71,0,31.52468609,30.17934266,3617812,
2406,Western,*Others,22,28,1,31.07054887,30.01165351,3617813,
2407,Western,*Others,32,64,1,31.04320959,30.41888563,3617814,
2408,Western,*Others,38,75,0,31.33321726,30.10396715,3617815,
2409,Western,*Others,22,27,1,31.31798082,30.33870103,3617816,
2410,Western,*Others,37,41,1,31.85534722,30.99537229,3617817,
2411,Western,*Others,41,21,1,31.80962786,30.55545105,3617818,
2412,Western,*Others,35,57,1,31.20242754,30.49220851,3617819,
2413,Western,*Others,37,52,0,31.17913231,30.83153105,3617820,
2414,Western,*Others,42,56,1,31.37273166,30.54357621,3617821,
2415,Western,Industrial,21,25,0,31.79705473,30.22995126,3617822,
2416,Western,Industrial,26,38,0,31.27073807,30.06057504,3617823,
2417,Western,Industrial,21,70,0,31.42318813,30.67323592,3617824,
2418,Western,Industrial,41,58,1,31.80255806,30.14938589,3617825,
2419,Western,Industrial,36,27,0,31.06185506,30.10257318,3617826,
2420,Western,Industrial,23,23,0,31.93872711,30.95339497,3617827,
2421,Western,Industrial,29,54,1,31.48104613,30.9284534,3617828,
2422,Western,Industrial,24,75,0,31.35256126,30.3191534,3617829,
2423,Western,Industrial,35,54,1,31.55627086,30.69663024,3617830,
2424,Western,*Others,33,37,0,31.95993924,30.07608221,3617831,
2425,Western,*Others,27,70,0,31.34485171,30.03316661,3617832,
2426,Western,*Others,30,22,0,31.11490321,30.00850725,3617833,
2427,Western,*Others,35,27,1,31.55123406,30.90809483,3617834,
2428,Western,*Others,22,20,0,31.02844167,30.0835123,3617835,
2429,Western,*Others,24,62,0,31.65650148,30.08598961,3617836,
2430,Western,*Others,32,39,0,31.77843525,30.81656423,3617837,
2431,Western,*Others,20,36,0,31.33783713,30.76958365,3617838,
2432,Western,*Others,22,30,1,31.51013098,30.2759944,3617839,
2433,Western,*Others,40,30,1,31.5120418,30.00763861,3617840,
2434,Western,*Others,35,72,1,31.29254151,30.11173468,3617841,
2435,Western,*Others,29,41,0,31.18377856,30.6561303,3617842,
2436,Western,*Others,34,32,1,31.59122411,30.20121871,3617843,
2437,Western,*Others,24,35,0,31.57990844,30.37099588,3617844,
2438,Western,*Others,34,30,0,31.38577646,30.64163501,3617845,
2439,Western,*Others,33,20,0,31.35826321,30.53103227,3617846,
2440,Western,*Others,42,21,0,31.91952197,30.07066954,3617847,
2441,Western,*Others,37,51,0,31.79054496,30.35638454,3617848,
2442,Western,Industrial,40,73,1,31.79563178,30.59058501,3617849,
2443,Western,Industrial,36,52,1,31.58012052,30.58619208,3617850,
2444,Western,Industrial,20,67,0,31.45911356,30.16583183,3617851,
2445,Western,Industrial,40,39,0,31.72434221,30.39781549,3617852,
2446,Western,Industrial,38,75,1,31.33013921,30.21910006,3617853,
2447,Western,Industrial,42,51,1,31.59004839,30.73286361,3617854,
2448,Western,Industrial,28,71,0,31.75687029,30.21970074,3617855,
2449,Western,Industrial,22,40,1,31.73531936,30.59681517,3617856,
2450,Western,*Others,41,24,0,31.94958737,30.18729078,3617857,
2451,Western,*Others,20,72,0,31.9357362,30.97028822,3617858,
2452,Western,*Others,30,33,1,31.0944154,30.05437953,3617859,
2453,Western,*Others,42,73,1,31.33881333,30.07258884,3617860,
2454,Western,*Others,25,61,0,31.41084677,30.88003524,3617861,
2455,Western,*Others,24,39,0,31.06431482,30.18285254,3617862,
2456,Western,*Others,41,21,0,31.58735777,30.94021271,3617863,
2457,Western,*Others,22,64,0,31.1665179,30.8980715,3617864,
2458,Western,*Others,28,50,1,31.69217072,30.05178589,3617865,
2459,Western,*Others,33,72,1,31.26051765,30.83051804,3617866,
2460,Western,*Others,37,59,0,31.89342866,30.90579599,3617867,
2461,Western,*Others,25,55,1,31.59962133,30.53863158,3617868,
2462,Western,*Others,22,60,0,31.18760077,30.62420609,3617869,
2463,Western,*Others,28,58,0,31.07171949,30.29187408,3617870,
2464,Western,*Others,37,63,1,31.57459425,30.73146802,3617871,
2465,Western,Industrial,33,61,0,31.76142932,30.29169381,3617872,
2466,Western,Industrial,25,73,0,31.79368244,30.69034869,3617873,
2467,Western,Industrial,20,31,1,31.67719253,30.29399414,3617874,
2468,Western,Industrial,32,38,0,31.36382555,30.36034905,3617875,
2469,Western,Industrial,35,72,1,31.07761665,30.86977175,3617876,
2470,Western,Industrial,34,25,1,31.38389661,30.80099359,3617877,
2471,Western,Industrial,33,64,1,31.36381965,30.50866796,3617878,
2472,Western,Industrial,39,72,1,31.73805854,30.63114501,3617879,
2473,Western,*Others,35,61,0,31.76748871,30.11899594,3617880,
2474,Western,*Others,35,37,1,31.18256905,30.9285171,3617881,
2475,Western,*Others,35,51,1,31.56313047,30.64591596,3617882,
2476,Western,*Others,37,40,0,31.1035674,30.20254571,3617883,
2477,Western,*Others,38,60,1,31.03736639,30.08700714,3617884,
2478,Western,*Others,28,25,1,31.38814191,30.37015175,3617885,
2479,Western,*Others,35,57,0,31.57178504,30.6073377,3617886,
2480,Western,*Others,36,67,0,31.47072867,30.27787203,3617887,
2481,Western,*Others,40,58,0,31.8221548,30.79852227,3617888,
2482,Western,*Others,24,21,0,31.15940017,30.85187063,3617889,
2483,Western,*Others,20,28,0,31.33562642,30.01031147,3617890,
2484,Western,*Others,34,45,0,31.17533629,30.99532163,3617891,
2485,Western,*Others,28,29,0,31.7833026,30.2065789,3617892,
2486,Western,*Others,26,60,0,31.35899508,30.43721068,3617893,
2487,Western,*Others,24,68,0,31.4009972,30.60117159,3617894,
2488,Western,*Others,29,49,0,31.31760388,30.39710633,3617895,
2489,Western,*Others,29,61,0,31.21432059,30.8962249,3617896,
2490,Western,*Others,42,22,0,31.69571714,30.16213271,3617897,
2491,Western,Industrial,36,27,0,31.14548895,30.31594418,3617898,
2492,Western,Industrial,22,55,0,31.21996936,30.31291376,3617899,
2493,Western,Industrial,41,67,1,31.47611307,30.57468713,3617900,
2494,Western,Industrial,28,42,0,31.80717552,30.6357152,3617901,
2495,Western,Industrial,41,58,1,31.82548456,30.10383748,3617902,
2496,Western,Industrial,25,67,0,31.93745622,30.68940107,3617903,
2497,Western,*Others,27,64,1,31.51092205,30.94985357,3617904,
2498,Western,*Others,38,35,1,31.09310227,30.83436882,3617905,
2499,Western,*Others,28,67,1,31.0446719,30.14809561,3617906,
2500,Western,*Others,28,56,0,31.94451664,30.5023482,3617907,
2501,Western,*Others,24,47,1,31.42505616,30.67562026,3617908,
2502,Western,*Others,39,72,0,31.22091049,30.56138901,3617909,
2503,Western,*Others,35,71,0,31.6060658,30.72150666,3617910,
2504,Western,*Others,32,20,1,31.92830897,30.04410437,3617911,
2505,Western,*Others,23,59,1,31.83436684,30.0891417,3617912,
2506,Western,*Others,40,22,0,31.25847238,30.52603108,3617913,
2507,Western,*Others,29,62,1,31.79421885,30.92874384,3617914,
2508,Western,*Others,27,48,0,31.81868973,30.68603772,3617915,
2509,Western,*Others,41,26,0,31.27027469,30.30460279,3617916,
2510,Western,*Others,31,25,1,31.29470359,30.57985462,3617917,
2511,Western,*Others,35,47,0,31.60545985,30.33595586,3617918,
2512,Western,*Others,21,74,0,31.52005378,30.14526306,3617919,
2513,Western,*Others,20,55,1,31.15304594,30.60289415,3617920,
2514,Western,*Others,29,60,0,31.04893255,30.90564952,3617921,
2515,Western,*Others,40,49,1,31.23956309,30.1503581,3617922,
2516,Western,*Others,41,41,1,31.34206286,30.62264082,3617923,
2517,Western,*Others,42,62,1,31.5350216,30.36551864,3617924,
2518,Western,Industrial,40,59,1,31.27581458,30.77141497,3617925,
2519,Western,Industrial,39,41,1,31.13751665,30.28706552,3617926,
2520,Western,Industrial,23,26,1,31.12526707,30.50209471,3617927,
2521,Western,Industrial,36,23,0,31.72124744,30.56035391,3617928,
2522,Western,*Others,40,55,1,31.78522724,30.06414958,3617929,
2523,Western,*Others,25,73,1,31.93712101,30.22899846,3617930,
2524,Western,*Others,27,56,1,31.42705593,30.64958373,3617931,
2525,Western,*Others,37,42,1,31.93582292,30.28973543,3617932,
2526,Western,*Others,22,62,1,31.8693365,30.09669843,3617933,
2527,Western,*Others,40,44,1,31.62904711,30.77642625,3617934,
2528,Western,*Others,35,61,1,31.73570123,30.95809408,3617935,
2529,Western,*Others,21,20,0,31.51316906,30.39329453,3617936,
2530,Western,*Others,35,67,1,31.6441276,30.67273893,3617937,
2531,Western,*Others,30,46,1,31.37885435,30.16813434,3617938,
2532,Western,*Others,37,28,1,31.67349707,30.42953846,3617939,
2533,Western,*Others,40,71,0,31.16794312,30.72609708,3617940,
2534,Western,*Others,38,26,1,31.26193435,30.43139442,3617941,
2535,Western,*Others,37,53,0,31.07682924,30.62950959,3617942,
2536,Western,*Others,23,74,0,31.29206703,30.36278956,3617943,
2537,Western,*Others,25,74,0,31.05843604,30.03176898,3617944,
2538,Western,*Others,39,55,1,31.41105749,30.79254407,3617945,
2539,Western,*Others,34,27,1,31.70435079,30.28405757,3617946,
2540,Western,*Others,26,69,0,31.46856155,30.53576171,3617947,
2541,Western,*Others,39,33,1,31.50782184,30.13759953,3617948,
2542,Western,*Others,24,52,0,31.55832573,30.16555819,3617949,
2543,Western,*Others,32,29,0,31.56383442,30.81676552,3617950,
2544,Western,*Others,41,26,0,31.48195598,30.30982544,3617951,
2545,Western,*Others,22,65,0,31.40327871,30.24406207,3617952,
2546,Western,*Others,38,49,0,31.56819499,30.4048273,3617953,
2547,Western,*Others,40,71,0,31.02382086,30.42343847,3617954,
2548,Western,*Others,34,26,0,31.40679145,30.56180873,3617955,
2549,Western,*Others,34,75,1,31.75671734,30.70473805,3617956,
2550,Western,*Others,32,41,1,31.99535162,30.3474431,3617957,
2551,Western,*Others,31,51,0,31.43032557,30.37791984,3617958,
2552,Western,*Others,22,52,1,31.44305359,30.71664016,3617959,
2553,Western,*Others,34,60,1,31.09540492,30.27433652,3617960,
2554,Western,*Others,27,28,1,31.89387292,30.99765517,3617961,
2555,Western,*Others,38,46,0,31.30613925,30.59911454,3617962,
2556,Western,*Others,27,23,1,31.08763033,30.61438071,3617963,
2557,Western,*Others,28,45,1,31.69816685,30.41771043,3617964,
2558,Western,*Others,33,23,0,31.778547,30.77380074,3617965,
2559,Western,*Others,33,26,1,31.66059851,30.52490056,3617966,
2560,Western,*Others,28,56,1,31.70426515,30.91190591,3617967,
2561,Western,*Others,22,64,0,31.10642911,30.97531613,3617968,
2562,Western,*Others,42,20,1,31.3194667,30.3972704,3617969,
2563,Western,*Others,27,30,0,31.57290463,30.39351944,3617970,
2564,Western,*Others,27,25,0,31.75911017,30.96521659,3617971,
2565,Western,*Others,40,70,1,31.6398098,30.4455579,3617972,
2566,Western,Industrial,38,42,1,31.16327504,30.73326484,3617973,
2567,Western,Industrial,30,24,1,31.89033817,30.82386288,3617974,
2568,Western,*Others,20,42,1,31.42064378,30.71826041,3617975,
2569,Western,*Others,33,66,1,31.15844746,30.8089062,3617976,
2570,Western,*Others,35,41,0,31.33237165,30.83323467,3617977,
2571,Western,Industrial,35,24,0,31.54993669,30.47258017,3617978,
2572,Western,*Others,25,74,0,31.22808536,30.21171736,3617979,
2573,Western,*Others,24,26,1,31.55087806,30.23335433,3617980,
2574,Western,*Others,21,31,0,31.44208243,30.70041799,3617981,
2575,Western,*Others,22,62,0,31.82390623,30.3039108,3617982,
2576,Western,*Others,39,34,0,31.78619671,30.15587872,3617983,
2577,Western,*Others,21,47,1,31.98721054,30.22192257,3617984,
2578,Western,*Others,25,40,1,31.20027111,30.69977123,3617985,
2579,Western,*Others,32,72,0,31.51306814,30.84858554,3617986,
2580,Western,*Others,40,71,1,31.66953812,30.15054712,3617987,
2581,Western,*Others,24,31,1,31.80560389,30.75590627,3617988,
2582,Western,*Others,30,56,1,31.8600006,30.8379017,3617989,
2583,Western,*Others,37,59,0,31.78594497,30.51505055,3617990,
2584,Western,*Others,40,30,1,31.30471768,30.49401419,3617991,
2585,Western,*Others,27,53,0,31.97054038,30.34341276,3617992,
2586,Western,*Others,33,41,1,31.84406809,30.8082432,3617993,
2587,Western,*Others,42,32,1,31.27288293,30.19747005,3617994,
2588,Western,*Others,41,57,1,31.22079,30.21025509,3617995,
2589,Western,*Others,20,74,0,31.40185628,30.4809529,3617996,
2590,Western,*Others,32,27,1,31.4132706,30.36361953,3617997,
2591,Western,*Others,33,61,0,31.42426177,30.79408752,3617998,
2592,Western,*Others,39,51,1,31.51721641,30.30258707,3617999,
2593,Western,*Others,30,28,0,31.6851654,30.05107076,3618000,
2594,Western,*Others,31,64,1,31.61547281,30.24593904,3618001,
2595,Western,*Others,30,56,1,31.55589924,30.82965755,3618002,
2596,Western,*Others,31,75,1,31.79076759,30.03641151,3618003,
2597,Western,*Others,31,23,1,31.06400991,30.12106239,3618004,
2598,Western,*Others,27,29,0,31.02891857,30.70336796,3618005,
2599,Western,*Others,30,63,0,31.27881466,30.32520684,3618006,
2600,Western,*Others,37,51,1,31.75121273,30.45381889,3618007,
2601,Western,*Others,36,36,0,31.08872099,30.05120362,3618008,
2602,Western,*Others,25,45,1,31.21608344,30.29735849,3618009,
2603,Western,*Others,34,46,0,31.60036031,30.78015179,3618010,
2604,Western,*Others,42,43,0,31.00924838,30.00332208,3618011,
2605,Western,*Others,23,47,1,31.24917039,30.53630365,3618012,
2606,Western,*Others,42,74,1,31.11527234,30.95468336,3618013,
2607,Western,*Others,22,26,0,31.85222653,30.6767237,3618014,
2608,Western,*Others,21,32,0,31.52646891,30.35877136,3618015,
2609,Western,*Others,32,29,1,31.21886301,30.98758785,3618016,
2610,Western,*Others,35,63,0,31.1021916,30.21832666,3618017,
2611,Western,*Others,34,58,0,31.32819261,30.66638027,3618018,
2612,Western,*Others,27,21,1,31.47125492,30.7620375,3618019,
2613,Western,*Others,20,29,1,31.44718826,30.37735136,3618020,
2614,Western,*Others,35,40,1,31.78273633,30.54180326,3618021,
2615,Western,*Others,28,35,0,31.93687583,30.83599561,3618022,
2616,Western,*Others,35,46,0,31.79849816,30.48736675,3618023,
2617,Western,*Others,35,63,0,31.72090419,30.71900604,3618024,
2618,Western,*Others,32,25,1,31.12203411,30.49480868,3618025,
2619,Western,*Others,27,39,1,31.10860929,30.36334788,3618026,
2620,Western,*Others,25,50,1,31.38332183,30.31729286,3618027,
2621,Western,*Others,38,36,0,31.90636511,30.6911304,3618028,
2622,Western,*Others,29,66,1,31.85482079,30.98568348,3618029,
2623,Western,*Others,41,40,0,31.30803998,30.0340812,3618030,
2624,Western,*Others,35,69,1,31.42999238,30.35645856,3618031,
2625,Western,*Others,41,68,0,31.66814185,30.93794089,3618032,
2626,Western,*Others,42,29,1,31.3336544,30.4280568,3618033,
2627,Western,*Others,34,20,1,31.71546374,30.73317574,3618034,
2628,Western,*Others,34,33,1,31.25235715,30.52121985,3618035,
2629,Western,*Others,20,39,0,31.72673118,30.83260491,3618036,
2630,Western,*Others,20,29,1,31.06783008,30.00067072,3618037,
2631,Western,*Others,33,66,1,31.97563793,30.44488447,3618038,
2632,Western,*Others,28,54,0,31.8598432,30.33822273,3618039,
2633,Western,*Others,21,39,0,31.81928562,30.38487218,3618040,
2634,Western,*Others,35,47,1,31.28783065,30.75708338,3618041,
2635,Western,Industrial,24,70,1,31.13232903,30.8134091,3618042,
2636,Western,Industrial,29,32,1,31.12334172,30.13413927,3618043,
2637,Western,Industrial,25,48,0,31.68906436,30.97448207,3618044,
2638,Western,*Others,25,54,0,31.49122209,30.32582956,3618045,
2639,Western,*Others,26,27,0,31.26390933,30.31679271,3618046,
2640,Western,*Others,42,20,0,31.12479113,30.97070266,3618047,
2641,Western,*Others,24,32,0,31.62105311,30.38064773,3618048,
